filename,firstobj,bestobj,runtime(s)
20-11-11-40-40-2.txt,2.90288,2.31894,4.38
20-11-11-40-50-2.txt,2.22,1.92,8.31
